<?xml version="1.0" encoding="utf-8"?>
<uexplugins>
    <plugin
        uexName="uexLocalNotification" version="4.0.0" build="10" >
        <info>10:4.0</info>
        <build>9:修复删除指定本地通知失败的问题</build>
        <build>8:修复部分机型通知没有提示音的问题</build>
        <build>7:解决部分机型闪退的问题</build>
        <build>6:修复应用在后台被杀后无法通知的问题</build>
        <build>5:解决查看通知后通知不关闭的问题，解决不能删除本地通知的问题</build>
        <build>4:解决铃声不响问题</build>
        <build>3:解决铃声周期循环问题</build>
        <build>2:修复在点击弹出菜单时报错问题</build>
        <build>1:修复有时不提醒bug，增加周期提醒</build>
        <build>0:本地闹钟功能插件</build>
    </plugin>
</uexplugins>
