<?xml version="1.0" encoding="utf-8"?>
<uexplugins>
    <plugin
        uexName="uexSlidePager" version="4.0.0" build="15">
        <info>15:支持4.0引擎</info>
        <build>14:修复屏幕黑屏问题 </build>
        <build>13:openSlidePager接口添加option参数</build>
        <build>12:添加IDE支持</build>
        <build>11:适配iPhone6和iPhone6 Plus</build>
        <build>10:修复打开白屏问题</build>
        <build>9:修复动态库生成不成功的问题</build>
        <build>8:允许加载加密网页</build>
        <build>7:修复反复打开关闭插件时的显示错误</build>
        <build>6:增加closeSlidePager方法</build>
        <build>5:修复显示bug</build>
        <build>4:修改界面布局</build>
        <build>3:修改界面布局</build>
        <build>2:修改界面布局</build>
        <build>1:修改界面效果</build>
        <build>0:最美应用插件</build>
    </plugin>
</uexplugins>