<?xml version="1.0" encoding="utf-8"?>
<uexplugins>
    <plugin
        uexName="uexHexagonal" version="4.0.0" build="5">
        <info>5:4.0插件</info>
        <build>4:修复open参数无效的问题</build>
        <build>3:修复点击图片打开新窗口后六棱柱显示在窗口上层问题</build>
        <build>2:增加cbOpenHexagonal函数回调接口</build>
        <build>1:修复图片顺序问题</build>
        <build>0:六面体功能插件</build>
    </plugin>
</uexplugins>
