<?xml version="1.0" encoding="utf-8"?>
<uexplugins>
    <plugin
        uexName="uexDevice" version="4.0.4" build="4">
        <info>4: 修复一个导致截屏失败的bug</info>
        <build>3: plugin.xml文件配置startNetStatusListener和stopsNetStatusListener方法</build>
        <build>2: 增加onNetStatusChanged,startNetStatusListener和stopsNetStatusListener网络监听方法</build>
        <build>1: 支持获取本地IP</build>
        <build>0: uexDevice for iOS</build>
    </plugin>
</uexplugins>
