<?xml version="1.0" encoding="utf-8"?>
<uexplugins>
    <plugin
        uexName="uexControl" version="4.0.1" build="11">
        <info>11:修复某些手机手动输入时间后保存无效问题</info>
        <build>10:支持function传入</build>
        <build>9:修复在华为系列平板上因中文crash问题</build>
        <build>8:修复在Android 5.0以上版本选择日期时的crash问题</build>
        <build>7:修复日期不在范围内时，点击“确定”按钮能获取日期的问题</build>
        <build>6:修复华为手机上输入日期不生效的问题;新增openDatePickerWithConfig可配置日期范围的日期选择器接口。</build>
        <build>5:在openInputDialog接口中添加参数</build>
        <build>4:新增接口openDatePickerWithoutDay</build>
        <build>3:修改不显示当前日期问题</build>
        <build>2:增加弹出输入框输入完成的回调方法cbOpenInputDialog</build>
        <build>1:修改魅族手机点击日期和软键盘同时弹出问题</build>
        <build>0:时间日期选择功能插件</build>
    </plugin>
</uexplugins>