<?xml version="1.0" encoding="utf-8"?>
<uexplugins>
    <plugin uexName="uexBaiduNavi" version="4.0.0" build="5">
        <info>5.4.0</info>
        <build>4.更新SDK，修改过时方法，修复init回调时机不正确的问题</build>
        <build>3.解决在部份手机上channel找不到的问题</build>
        <build>2:修复终点有偏差的问题</build>
        <build>1:修复仅有起点、终点经纬度坐标时路径规划失败问题</build>
        <build>0:百度导航插件</build>
    </plugin>
</uexplugins>
