<?xml version="1.0" encoding="utf-8"?>
<uexplugins>
    <plugin
        uexName="uexWheel" version="4.0.0" build="16">
        <info>16:4.0插件</info>
        <build>15:去掉插件中的ActivityGroup,配合引擎升级</build>
        <build>14:修复四分之一圆盘在页面切换之后不能正常打开的问题</build>
        <build>13:修复图标概率重叠的问题</build>
        <build>12:修改全圆轮盘回调区分点击item和圆盘中心</build>
        <build>11:修改全圆轮盘回调时机</build>
        <build>10:修复全圆轮盘在页面切换时显示不一致的问题</build>
        <build>9:修复全圆轮盘菜单中图标太小的问题</build>
        <build>8:修复全圆轮盘菜单中圆形区域外也可以滑动的问题</build>
        <build>7:修改openCircle接口参数</build>
        <build>6:修复高度太小图片被截断的问题</build>
        <build>5:修复在低端机上调用接口崩溃的问题</build>
        <build>4:修改openQuartercircle接口参数</build>
        <build>3:初始版本</build>
    </plugin>
</uexplugins>
