<?xml version="1.0" encoding="utf-8"?>
<uexplugins>
    <plugin
        uexName="uexLog" version="4.0.0" build="7">
        <info>7:支持引擎4.0，函数入参</info>
        <build>6:GCDAsyncUdpSocket库更换为framework</build>
        <build>5:GCDAsyncUdpSocket库更新</build>
        <build>4:添加IDE支持</build>
        <build>3:修复崩溃问题</build>
        <build>2:iOS8.3以上系统支持在iTunes查看Documents文件夹</build>
        <build>1:使用新版Xcode重新编译,支持arm64</build>
        <build>0:Log功能插件</build>
    </plugin>
</uexplugins>
