<?xml version="1.0" encoding="utf-8"?>
<uexplugins>
    <plugin uexName="uexEasemob" version="4.1.5" build="5">
        <info>5.(依赖引擎4.1)修复getRecentChatters</info>
        <build>4.(依赖引擎4.1)兼容chatType传数字</build>
        <build>3.(依赖引擎4.1)支持华为推送</build>
        <build>2.(依赖引擎4.1)修复跨页面调用接口出错的问题</build>
        <build>1.(依赖引擎4.1)更新SDK，修复若干bug</build>
        <build>0.4.0插件</build>
    </plugin>
</uexplugins>
