<?xml version="1.0" encoding="utf-8"?>
<uexplugins>
    <plugin
         uexName="uexScanner" version="4.0.0" build="9">
        <info>9:支持4.0引擎，函数入参</info>
        <build>8:解决相机权限受限APP闪退的问题</build>
        <build>7:修改为ios7.0以上调用系统库扫描</build>
        <build>6:修复横屏扫描时图像显示异常的BUG</build>
        <build>5:添加可选参数charset，支持GBK编码的二维码</build>
        <build>4:重构:改用ZXing识别二维码;添加IDE支持</build>
        <build>3:修改二维码扫描UI图片</build>
        <build>2:修改资源图片</build>
        <build>1:UI适配iOS7以下系统</build>
        <build>0:二维码插件UI优化</build>
    </plugin>
</uexplugins>