<?xml version="1.0" encoding="utf-8" ?>
<uexplugins>
    <plugin
        uexName="uexEasemob" version="4.0.0" build="25">
        <info>25:支持引擎4.0，函数入参</info>
        <build>24:升级SDK到3.1.3-支持IPv6</build>
        <build>23:删除EaseUIResource.bundle内会引起上架失败的info.plist</build>
        <build>22:initEasemob接口新增isAutoAcceptGroupInvitation参数；消息接口新增extObj参数以适配环信客服功能；group内新增群组加人的相关接口</build>
        <build>21:升级环信IM SDK到3.1.1</build>
        <build>20:修复加入公开群会失败的问题</build>
        <build>19:修复onMessageSent中群组信息错误的问题;setNotifyBySoundAndVibrate支持后台通知</build>
        <build>18:修复透传消息也会提示用户的问题</build>
        <build>17:修复getMessageHistory接口传入startMsgId但pagesize为0时取不到所有messages的问题</build>
        <build>16:修复cbGetGroup回调结构和Android不一致的问题</build>
        <build>15:SDK版本更新至V2.2.0r1</build>
        <build>14:cbLogin回调结构修正</build>
        <build>13:修复发送位置经度为0的bug</build>
        <build>12:新增API:onGroupCreated</build>
        <build>11:新增API:getRecentChatters，onMessageSent</build>
        <build>10:SDK更新；EMGroup回调结构优化；支持IDE打包</build>
        <build>9:SDK更新，代码优化等，详见文档</build>
        <build>8:新增方法 发送视频消息等，详见文档</build>
        <build>7:优化了本地数据库的相关设置</build>
        <build>6:自动登录功能改在 初始化 中进行设置</build>
        <build>5:针对新版本做了一些代码优化</build>
        <build>4:支持自动登录，更新环信iOS SDK版本至V2.1.6</build>
        <build>3:新增了一个获取聊天对象信息的方法</build>
        <build>2:修复了回调信息不全引起程序崩溃的bug</build>
        <build>1:修正了多次初始化会导致程序卡死的bug</build>
        <build>0:环信(Easemob)插件 for iOS</build>

    </plugin>
</uexplugins>
