﻿<?xml version="1.0" encoding="utf-8"?>
<uexplugins>
    <plugin uexName="uexPie" version="4.0.0" build="7">
        <info>7:4.0插件</info>
	<build>6:修复plugin.xml</build>
	<build>5:去掉插件中的ActivityGroup,配合引擎升级</build>
	<build>4:更新适配机型使用的方法</build>
	<build>3:修复按返回键崩溃的问题</build>
	<build>2:修复多个饼状图不能并存显示的问题</build>
        <build>1:修复饼状图打开后无法关闭的问题</build>
	<build>0:饼状图功能插件</build>
    </plugin>
</uexplugins>
